0,0
35.8208955223881,0
71.6417910447761,0
107.462686567164,0
143.283582089552,0
179.10447761194,0
214.925373134328,0
250.746268656716,0
286.567164179104,0
322.388059701493,0
358.208955223881,0
394.029850746269,0
429.850746268657,0
465.671641791045,0
501.492537313433,0
537.313432835821,0
573.134328358209,0
608.955223880597,0
644.776119402985,0
680.597014925373,0
716.417910447761,0
752.238805970149,0
788.059701492537,0
823.880597014925,0
859.701492537313,0
895.522388059701,0
931.343283582089,0
967.164179104478,0
1002.98507462687,0
1038.80597014925,0
1074.62686567164,0
1110.44776119403,0
1146.26865671642,0
1182.08955223881,0
1217.91044776119,0
1253.73134328358,0
1289.55223880597,0
1325.37313432836,0
1361.19402985075,0
1397.01492537313,0
1432.83582089552,0
1468.65671641791,0
1504.4776119403,0
1540.29850746269,0
1576.11940298507,0
1611.94029850746,0
1647.76119402985,0
1683.58208955224,0
1719.40298507463,0
1755.22388059701,0
1791.0447761194,0
1826.86567164179,0
1862.68656716418,0
1898.50746268657,0
1934.32835820896,0
1970.14925373134,0
2005.97014925373,0
2041.79104477612,0
2077.61194029851,0
2113.4328358209,0
2149.25373134328,0
2185.07462686567,0
2220.89552238806,0
2256.71641791045,0
2292.53731343284,0
2328.35820895522,0
2364.17910447761,0
2400,0
2435.82089552239,0
2471.64179104478,0
2507.46268656716,0
2543.28358208955,0
2579.10447761194,0
2614.92537313433,0
2650.74626865672,0
2686.5671641791,0
2722.38805970149,0
2758.20895522388,0
2794.02985074627,0
2829.85074626866,0
2865.67164179104,0
2901.49253731343,0
2937.31343283582,0
2973.13432835821,0
3008.9552238806,0
3044.77611940298,0
3080.59701492537,0
3116.41791044776,0
3152.23880597015,0
3188.05970149254,0
3223.88059701493,0
3259.70149253731,0
3295.5223880597,0
3331.34328358209,0
3367.16417910448,0
3402.98507462687,0
3438.80597014925,0
3474.62686567164,0
3510.44776119403,0
3546.26865671642,0
3582.08955223881,0
3617.91044776119,0
3653.73134328358,0
3689.55223880597,0
3725.37313432836,0
3761.19402985075,0
3797.01492537313,0
3832.83582089552,0
3868.65671641791,0
3904.4776119403,0
3940.29850746269,0
3976.11940298507,0
4011.94029850746,0
4047.76119402985,0
4083.58208955224,0
4119.40298507463,0
4155.22388059701,0
4191.0447761194,0
4226.86567164179,0
4262.68656716418,0
4298.50746268657,0
4334.32835820896,0
4370.14925373134,0
4405.97014925373,0
4441.79104477612,0
4477.61194029851,0
4513.43283582089,0
4549.25373134328,0
4585.07462686567,0
4620.89552238806,0
4656.71641791045,0
4692.53731343284,0
4728.35820895522,0
4764.17910447761,0
4800,0
4835.82089552239,0
4871.64179104478,0
4907.46268656716,0
4943.28358208955,0
4979.10447761194,0
5014.92537313433,0
5050.74626865672,0
5086.5671641791,0
5122.38805970149,0
5158.20895522388,0
5194.02985074627,0
5229.85074626866,0
5265.67164179104,0
5301.49253731343,0
5337.31343283582,0
5373.13432835821,0
5408.9552238806,0
5444.77611940298,0
5480.59701492537,0
5516.41791044776,0
5552.23880597015,0
5588.05970149254,0
5623.88059701493,0
5659.70149253731,0
5695.5223880597,0
5731.34328358209,0
5767.16417910448,0
5802.98507462686,0
5838.80597014925,0
5874.62686567164,0
5910.44776119403,0
5946.26865671642,0
5982.08955223881,0
6017.91044776119,0
6053.73134328358,0
6089.55223880597,0
6125.37313432836,0
6161.19402985075,0
6197.01492537313,0
6232.83582089552,0
6268.65671641791,0
6304.4776119403,0
6340.29850746269,0
6376.11940298507,0
6411.94029850746,0
6447.76119402985,0
6483.58208955224,0
6519.40298507463,0
6555.22388059701,0
6591.0447761194,0
6626.86567164179,0
6662.68656716418,0
6698.50746268657,0
6734.32835820895,0
6770.14925373134,0
6805.97014925373,0
6841.79104477612,0
6877.61194029851,0
6913.43283582089,0
6949.25373134328,0
6985.07462686567,0
7020.89552238806,0
7056.71641791045,0
7092.53731343284,0
7128.35820895522,0
7164.17910447761,0
7200,0
7235.82089552239,0
7271.64179104478,0
7307.46268656716,0
7343.28358208955,0
7379.10447761194,0
7414.92537313433,0
7450.74626865672,0
7486.5671641791,0
7522.38805970149,0
7558.20895522388,0
7594.02985074627,0
7629.85074626866,0
7665.67164179104,0
7701.49253731343,0
7737.31343283582,0
7773.13432835821,0
7808.9552238806,0
7844.77611940298,0
7880.59701492537,0
7916.41791044776,0
7952.23880597015,0
7988.05970149254,0
8023.88059701492,0
8059.70149253731,0
8095.5223880597,0
8131.34328358209,0
8167.16417910448,0
8202.98507462687,0
8238.80597014925,0
8274.62686567164,0
8310.44776119403,0
8346.26865671642,0
8382.08955223881,0
8417.91044776119,0
8453.73134328358,0
8489.55223880597,0
8525.37313432836,0
8561.19402985075,0
8597.01492537313,0
8632.83582089552,0
8668.65671641791,0
8704.4776119403,0
8740.29850746268,0
8776.11940298507,0
8811.94029850746,0
8847.76119402985,0
8883.58208955224,0
8919.40298507463,0
8955.22388059701,0
8991.0447761194,0
9026.86567164179,0
9062.68656716418,0
9098.50746268657,0
9134.32835820896,0
9170.14925373134,0
9205.97014925373,0
9241.79104477612,0
9277.61194029851,0
9313.43283582089,0
9349.25373134328,0
9385.07462686567,0
9420.89552238806,0
9456.71641791045,0
9492.53731343283,0
9528.35820895522,0
9564.17910447761,0
9600,0
9635.82089552239,0
9671.64179104477,0
9707.46268656716,0
9743.28358208955,0
9779.10447761194,0
9814.92537313433,0
9850.74626865672,0
9886.5671641791,0
9922.38805970149,0
9958.20895522388,0
9994.02985074627,0
10029.8507462687,0
10065.671641791,0
10101.4925373134,0
10137.3134328358,0
10173.1343283582,0
10208.9552238806,0
10244.776119403,0
10280.5970149254,0
10316.4179104478,0
10352.2388059701,0
10388.0597014925,0
10423.8805970149,0
10459.7014925373,0
10495.5223880597,0
10531.3432835821,0
10567.1641791045,0
10602.9850746269,0
10638.8059701493,0
10674.6268656716,0
10710.447761194,0
10746.2686567164,0
10782.0895522388,0
10817.9104477612,0
10853.7313432836,0
10889.552238806,0
10925.3731343284,0
10961.1940298507,0
10997.0149253731,0
11032.8358208955,0
11068.6567164179,0
11104.4776119403,0
11140.2985074627,0
11176.1194029851,0
11211.9402985075,0
11247.7611940299,0
11283.5820895522,0
11319.4029850746,0
11355.223880597,0
11391.0447761194,0
11426.8656716418,0
11462.6865671642,0.104786889587044
11498.5074626866,3.77232802513358
11534.328358209,7.43986916068011
11570.1492537313,11.1074102962266
11605.9701492537,14.7749514317732
11641.7910447761,18.4424925673197
11677.6119402985,22.1100337028663
11713.4328358209,25.7775748384128
11749.2537313433,29.4451159739593
11785.0746268657,33.1126571095059
11820.8955223881,36.7801982450524
11856.7164179104,40.4477393805989
11892.5373134328,44.1152805161455
11928.3582089552,47.782821651692
11964.1791044776,51.4503627872385
12000,55.1179039227851
12035.8208955224,58.7854450583316
12071.6417910448,62.4529861938781
12107.4626865672,66.1205273294247
12143.2835820896,69.7880684649712
12179.1044776119,73.4556096005177
12214.9253731343,77.1231507360643
12250.7462686567,80.7906918716108
12286.5671641791,84.4582330071573
12322.3880597015,88.1257741427039
12358.2089552239,91.7933152782504
12394.0298507463,95.4608564137969
12429.8507462687,99.1283975493435
12465.671641791,102.79593868489
12501.4925373134,106.463479820437
12537.3134328358,110.131020955983
12573.1343283582,113.79856209153
12608.9552238806,117.466103227076
12644.776119403,121.133644362623
12680.5970149254,124.801185498169
12716.4179104478,128.468726633716
12752.2388059701,132.136267769262
12788.0597014925,135.803808904809
12823.8805970149,139.471350040355
12859.7014925373,143.138891175902
12895.5223880597,146.806432311448
12931.3432835821,150.473973446995
12967.1641791045,154.141514582542
13002.9850746269,157.809055718088
13038.8059701493,161.476596853635
13074.6268656716,165.144137989181
13110.447761194,168.811679124728
13146.2686567164,172.479220260274
13182.0895522388,176.146761395821
13217.9104477612,179.814302531367
13253.7313432836,183.481843666914
13289.552238806,187.14938480246
13325.3731343284,190.816925938007
13361.1940298507,194.484467073553
13397.0149253731,198.1520082091
13432.8358208955,201.819549344646
13468.6567164179,205.487090480193
13504.4776119403,209.15463161574
13540.2985074627,212.822172751286
13576.1194029851,216.489713886833
13611.9402985075,220.157255022379
13647.7611940299,223.824796157926
13683.5820895522,227.492337293472
13719.4029850746,231.159878429019
13755.223880597,234.827419564565
13791.0447761194,238.494960700112
13826.8656716418,242.162501835658
13862.6865671642,245.830042971205
13898.5074626866,249.497584106751
13934.328358209,253.165125242298
13970.1492537313,256.832666377844
14005.9701492537,260.500207513391
14041.7910447761,264.167748648938
14077.6119402985,267.835289784484
14113.4328358209,271.502830920031
14149.2537313433,275.170372055577
14185.0746268657,278.837913191124
14220.8955223881,282.50545432667
14256.7164179104,286.172995462217
14292.5373134328,289.840536597763
14328.3582089552,293.50807773331
14364.1791044776,297.175618868856
14400,300.843160004403
14435.8208955224,304.510701139949
14471.6417910448,308.178242275496
14507.4626865672,311.845783411042
14543.2835820896,315.513324546589
14579.1044776119,319.180865682136
14614.9253731343,322.848406817682
14650.7462686567,326.515947953229
14686.5671641791,330.183489088775
14722.3880597015,333.851030224322
14758.2089552239,337.518571359868
14794.0298507463,341.186112495415
14829.8507462687,344.853653630961
14865.671641791,348.521194766508
14901.4925373134,352.188735902054
14937.3134328358,355.856277037601
14973.1343283582,359.523818173147
15008.9552238806,363.191359308694
15044.776119403,366.858900444241
15080.5970149254,370.526441579787
15116.4179104478,374.193982715334
15152.2388059701,378.41955870158
15188.0597014925,385.342303132877
15223.8805970149,392.265047564175
15259.7014925373,399.187791995472
15295.5223880597,406.110536426769
15331.3432835821,413.033280858066
15367.1641791045,419.956025289364
15402.9850746269,422.881760338962
15438.8059701493,430.83056777782
15474.6268656716,441.85278379166
15510.447761194,451.453134057531
15546.2686567164,457.646251634109
15582.0895522388,461.423295728128
15617.9104477612,473.847032662781
15653.7313432836,479.900609955745
15689.552238806,480.219323186058
15725.3731343284,489.627988791322
15761.1940298507,565.834837164768
15797.0149253731,644.518621854375
15832.8358208955,648.450442148262
15868.6567164179,655.829515435549
15904.4776119403,666.91150915333
15940.2985074627,672.802266708284
15976.1194029851,676.032435700014
16011.9402985075,682.701062637309
16047.7611940298,695.604983869443
16083.5820895522,707.088326573915
16119.4029850746,707.424808846196
16155.223880597,716.458339520332
16191.0447761194,724.531891898618
16226.8656716418,729.82273885556
16262.6865671642,734.707590150908
16298.5074626866,744.407427600883
16334.328358209,752.273051914641
16370.1492537313,759.559816736789
16405.9701492537,768.15049122862
16441.7910447761,771.356740359001
16477.6119402985,780.435077780279
16513.4328358209,792.968828276713
16549.2537313433,799.482005571223
16585.0746268657,806.629080803223
16620.8955223881,814.614336000968
16656.7164179104,822.235884748513
16692.5373134328,828.430457914132
16728.3582089552,834.479631543791
16764.1791044776,844.115118211062
16800,852.286607200251
16835.8208955224,856.860688327579
16871.6417910448,859.946885222499
16907.4626865672,866.103021714612
16943.2835820896,879.617979968959
16979.1044776119,888.000592074488
17014.9253731343,893.717924117178
17050.7462686567,906.946073660818
17086.5671641791,917.481790348053
17122.3880597015,918.332173254407
17158.2089552239,919.186096290816
17194.0298507463,928.454067003483
17229.8507462687,935.19545606444
17265.671641791,947.735297019329
17301.4925373134,951.194054469197
17337.3134328358,968.65317863266
17373.1343283582,974.275717872704
17408.9552238806,981.996146027374
17444.776119403,987.657608261999
17480.5970149254,998.963644388511
17516.4179104478,1003.41700411603
17552.2388059701,1011.11359609236
17588.0597014925,1018.99307038722
17623.8805970149,1018.52516092237
17659.7014925373,1026.13929053501
17695.5223880597,1029.92069624222
17731.3432835821,1035.20365467824
17767.1641791045,1031.35449428267
17802.9850746269,1064.10104183024
17838.8059701493,1058.96264261354
17874.6268656716,1070.04767055963
17910.447761194,1084.77004179798
17946.2686567164,1088.32265463557
17982.0895522388,1105.74243245443
18017.9104477612,1111.28987178256
18053.7313432836,1110.83654373202
18089.552238806,1126.66511696502
18125.3731343284,1132.17975309153
18161.1940298507,1129.59899468931
18197.0149253731,1149.80204738401
18232.8358208955,1145.41116019257
18268.6567164179,1152.96509248143
18304.4776119403,1169.50801746089
18340.2985074627,1174.03313991299
18376.1194029851,1193.30467933615
18411.9402985075,1193.02678519263
18447.7611940298,1202.13575764587
18483.5820895522,1217.49169022213
18519.4029850746,1219.69002797683
18555.223880597,1232.48440181744
18591.0447761194,1248.52438308943
18626.8656716418,1257.44282268182
18662.6865671642,1270.66212655915
18698.5074626866,1274.60020412684
18734.328358209,1283.51992300336
18770.1492537313,1293.44815811692
18805.9701492537,1300.9394071085
18841.7910447761,1302.63120264564
18877.6119402985,1313.8843459331
18913.4328358209,1314.52753420342
18949.2537313433,1319.29298392379
18985.0746268657,1327.18221306624
19020.8955223881,1334.85586375184
19056.7164179104,1343.2680751166
19092.5373134328,1351.5209816468
19128.3582089552,1368.39174233306
19164.1791044776,1374.76708582576
19200,1372.08888654417
19235.8208955224,1371.34401789083
19271.6417910448,1377.61599671783
19307.4626865672,1360.09060169788
19343.2835820895,1363.56724091066
19379.1044776119,1412.42211624781
19414.9253731343,1415.18929431693
19450.7462686567,1420.69902872221
19486.5671641791,1420.2896305885
19522.3880597015,1437.29884062262
19558.2089552239,1428.06663950905
19594.0298507463,1448.93553972116
19629.8507462687,1460.69347554308
19665.671641791,1480.29459716595
19701.4925373134,1478.4466236734
19737.3134328358,1480.92112666435
19773.1343283582,1488.57740444754
19808.9552238806,1510.55978854743
19844.776119403,1504.07110989258
19880.5970149254,1512.8437503692
19916.4179104478,1541.94985945129
19952.2388059701,1552.89365068551
19988.0597014925,1557.4498036617
20023.8805970149,1567.32209796187
20059.7014925373,1574.35765965801
20095.5223880597,1569.58793151719
20131.3432835821,1595.33734209302
20167.1641791045,1591.85674213683
20202.9850746269,1600.77986514405
20238.8059701493,1615.98065403695
20274.6268656716,1625.58316873465
20310.447761194,1623.34646418678
20346.2686567164,1622.63192268477
20382.0895522388,1657.23520836776
20417.9104477612,1645.35560105477
20453.7313432836,1663.67004653689
20489.552238806,1675.51555591315
20525.3731343284,1663.72447333333
20561.1940298507,1656.58271648871
20597.0149253731,1672.23310230985
20632.8358208955,1662.5945688677
20668.6567164179,1693.9158575571
20704.4776119403,1695.44179641518
20740.2985074627,1700.78895297978
20776.1194029851,1706.56785810041
20811.9402985075,1744.18045700612
20847.7611940298,1735.70537985387
20883.5820895522,1756.75979788755
20919.4029850746,1775.19077328826
20955.223880597,1766.69711069477
20991.0447761194,1762.75553856645
21026.8656716418,1790.38031693968
21062.6865671642,1801.39192954179
21098.5074626866,1793.12760868587
21134.328358209,1784.62445332291
21170.1492537313,1786.05125956902
21205.9701492537,1792.69848914539
21241.7910447761,1830.89189247921
21277.6119402985,1839.1079719145
21313.4328358209,1839.76562073093
21349.2537313433,1842.71132612585
21385.0746268657,1836.03579942679
21420.8955223881,1839.2764368675
21456.7164179104,1884.18656032584
21492.5373134328,1876.75551492957
21528.3582089552,1891.7838157056
21564.1791044776,1902.86316965161
21600,1916.40917001408
21635.8208955224,1933.25239963186
21671.6417910448,1942.49262931491
21707.4626865672,1937.16726588411
21743.2835820895,1943.11268698063
21779.1044776119,1955.72334286451
21814.9253731343,1956.59615975333
21850.7462686567,1954.98976113309
21886.5671641791,1958.81553946231
21922.3880597015,1971.47076628045
21958.2089552239,1973.31730341347
21994.0298507463,1989.95659127004
22029.8507462687,2000.87402796023
22065.671641791,2019.44163920295
22101.4925373134,2033.72577285388
22137.3134328358,2032.95781398261
22173.1343283582,2048.27553988722
22208.9552238806,2066.53111169918
22244.776119403,2081.33553103549
22280.5970149254,2077.96095514896
22316.4179104478,2079.48391291017
22352.2388059701,2087.81537445145
22388.0597014925,2095.0023095106
22423.8805970149,2104.16602670449
22459.7014925373,2105.63003149942
22495.5223880597,2115.18095856778
22531.3432835821,2135.93649234282
22567.1641791045,2133.24442609961
22602.9850746269,2136.27670861555
22638.8059701493,2146.78473199645
22674.6268656716,2159.36322188871
22710.447761194,2164.96502301549
22746.2686567164,2167.35722896744
22782.0895522388,2175.88584005431
22817.9104477612,2194.27341164157
22853.7313432836,2205.57331960267
22889.552238806,2215.17374510255
22925.3731343284,2222.28502851361
22961.1940298507,2225.74031057279
22997.0149253731,2226.90035214533
23032.8358208955,2230.91753701869
23068.6567164179,2229.89670090231
23104.4776119403,2231.0113944699
23140.2985074627,2230.64697344328
23176.1194029851,2236.45764983489
23211.9402985075,2248.96471880726
23247.7611940298,2252.49850986902
23283.5820895522,2258.77172512121
23319.4029850746,2265.82568325167
23355.223880597,2277.21095719401
23391.0447761194,2283.96947613089
23426.8656716418,2296.19042625629
23462.6865671642,2299.83585871627
23498.5074626866,2305.54854845355
23534.328358209,2315.96534660786
23570.1492537313,2327.67679590541
23605.9701492537,2329.23083796071
23641.7910447761,2337.79101722021
23677.6119402985,2338.68132360577
23713.4328358209,2340.79996893638
23749.2537313433,2345.39860380102
23785.0746268657,2360.87633690117
23820.8955223881,2380.04777453835
23856.7164179104,2380.55217724832
23892.5373134328,2388.32246086643
23928.3582089552,2398.61241081114
23964.1791044776,2407.82828475547
24000,2420.05276054725
24035.8208955224,2425.8045086442
24071.6417910448,2431.3043209835
24107.4626865672,2452.38318566298
24143.2835820895,2454.28370706609
24179.1044776119,2463.18492818651
24214.9253731343,2473.4775000655
24250.7462686567,2479.09546780183
24286.5671641791,2480.37375060386
24322.3880597015,2487.28877212254
24358.2089552239,2494.41606299041
24394.0298507463,2500.82065920745
24429.8507462687,2511.48218796354
24465.671641791,2515.96799391824
24501.4925373134,2521.83016658428
24537.3134328358,2523.60743987957
24573.1343283582,2533.61482186968
24608.9552238806,2535.60723750162
24644.776119403,2540.17319592633
24680.5970149254,2556.45051877779
24716.4179104478,2561.50749257635
24752.2388059701,2574.17346430364
24788.0597014925,2588.51810392959
24823.8805970149,2592.5307879834
24859.7014925373,2605.23728166512
24895.5223880597,2610.50810803292
24931.3432835821,2609.26413196474
24967.1641791045,2609.85022156064
25002.9850746269,2615.84125754964
25038.8059701493,2621.5207340715
25074.6268656716,2629.5133757807
25110.447761194,2637.43595993411
25146.2686567164,2636.52452622621
25182.0895522388,2648.58347812092
25217.9104477612,2658.55420992056
25253.7313432836,2660.93955686681
25289.552238806,2674.78608249616
25325.3731343284,2691.15172650333
25361.1940298507,2681.47635247326
25397.0149253731,2681.14407293182
25432.8358208955,2690.41984209136
25468.6567164179,2691.56188653968
25504.4776119403,2697.93351411506
25540.2985074627,2701.92221268436
25576.1194029851,2705.72272029798
25611.9402985075,2707.46273789302
25647.7611940298,2716.94490437004
25683.5820895522,2723.99091549055
25719.4029850746,2727.1928347185
25755.223880597,2733.44285785021
25791.0447761194,2743.75804614999
25826.8656716418,2750.74315603816
25862.6865671642,2753.58244110427
25898.5074626866,2765.37919386264
25934.328358209,2775.59499813361
25970.1492537313,2785.55179063338
26005.9701492537,2788.45692552481
26041.7910447761,2790.0298145553
26077.6119402985,2791.14774749174
26113.4328358209,2803.37979008105
26149.2537313433,2809.67183798711
26185.0746268657,2813.94350215033
26220.8955223881,2811.11023503563
26256.7164179104,2814.94438335339
26292.5373134328,2822.84877419465
26328.3582089552,2833.14372445531
26364.1791044776,2841.25972317601
26400,2842.35348757348
26435.8208955224,2851.18501136032
26471.6417910448,2862.13875664714
26507.4626865672,2865.01032542704
26543.2835820895,2872.23952786073
26579.1044776119,2873.28198640946
26614.9253731343,2880.89068405735
26650.7462686567,2878.69206834425
26686.5671641791,2879.52120604963
26722.3880597015,2890.00247341777
26758.2089552239,2888.90892653582
26794.0298507463,2893.94997338191
26829.8507462687,2895.63465463233
26865.671641791,2912.37668856169
26901.4925373134,2905.57202812022
26937.3134328358,2907.85746689607
26973.1343283582,2911.34553966669
27008.9552238806,2918.95646830359
27044.776119403,2914.79279308541
27080.5970149254,2921.1224464682
27116.4179104478,2924.12536791991
27152.2388059701,2933.59526712395
27188.0597014925,2938.40398815058
27223.8805970149,2932.45494440514
27259.7014925373,2947.03109381508
27295.5223880597,2959.61802809628
27331.3432835821,2969.3512784012
27367.1641791045,2977.42796084602
27402.9850746269,2979.8292481957
27438.8059701493,2988.65336833982
27474.6268656716,2982.47063041735
27510.447761194,2990.45839499711
27546.2686567164,2995.57785866848
27582.0895522388,2993.66523759123
27617.9104477612,3001.72438743496
27653.7313432836,3003.70203727019
27689.552238806,3009.22798053584
27725.3731343284,3015.54172181371
27761.1940298507,3016.49193709214
27797.0149253731,3025.60427040507
27832.8358208955,3027.26483107963
27868.6567164179,3038.52433866385
27904.4776119403,3042.49784936309
27940.2985074627,3033.49546096988
27976.1194029851,3033.16440316642
28011.9402985075,3056.97615645903
28047.7611940298,3066.23048856086
28083.5820895522,3067.58123377329
28119.4029850746,3066.47137643201
28155.223880597,3074.28392757246
28191.0447761194,3076.32222796154
28226.8656716418,3084.90053006844
28262.6865671642,3083.10008520321
28298.5074626866,3087.63535510572
28334.328358209,3092.47043951652
28370.1492537313,3107.08936927395
28405.9701492537,3108.28994987822
28441.7910447761,3113.84038783103
28477.6119402985,3125.36970633295
28513.4328358209,3117.63563356972
28549.2537313433,3132.12956849964
28585.0746268657,3127.31149369502
28620.8955223881,3141.29354118121
28656.7164179104,3142.92443661584
28692.5373134328,3145.65716157028
28728.3582089552,3152.00350297658
28764.1791044776,3156.07768492204
28800,3150.87601751269
28835.8208955224,3153.01600814665
28871.6417910448,3157.41033871877
28907.4626865672,3163.31093125016
28943.2835820895,3166.70148148461
28979.1044776119,3173.03358415731
29014.9253731343,3180.23722823932
29050.7462686567,3182.54873958952
29086.5671641791,3186.13703458367
29122.3880597015,3189.85652712165
29158.2089552239,3196.48041530408
29194.0298507463,3200.1300800362
29229.8507462687,3199.55873380715
29265.671641791,3205.84467960449
29301.4925373134,3208.99179865562
29337.3134328358,3216.45869999682
29373.1343283582,3219.74844543051
29408.9552238806,3228.24732777379
29444.776119403,3231.29941932158
29480.5970149254,3232.91046888298
29516.4179104478,3234.59374172676
29552.2388059701,3237.83761271957
29588.0597014925,3236.80052152659
29623.8805970149,3237.32259781116
29659.7014925373,3246.19023057878
29695.5223880597,3251.78997851897
29731.3432835821,3253.32886576584
29767.1641791045,3257.90024410818
29802.9850746269,3265.44408765067
29838.8059701492,3268.36105968792
29874.6268656716,3274.15649804764
29910.447761194,3272.19128207367
29946.2686567164,3270.38002908215
29982.0895522388,3273.34590624105
30017.9104477612,3277.48148365381
30053.7313432836,3295.41544422687
30089.552238806,3292.91974844867
30125.3731343284,3297.48553967011
30161.1940298507,3301.65721979267
30197.0149253731,3307.64535541244
30232.8358208955,3310.10662832604
30268.6567164179,3322.33417251432
30304.4776119403,3315.64306619499
30340.2985074627,3319.25175190916
30376.1194029851,3318.00192513285
30411.9402985075,3322.74166069124
30447.7611940298,3319.84969388794
30483.5820895522,3313.75791007366
30519.4029850746,3317.23622000441
30555.223880597,3315.47361228707
30591.0447761194,3323.12854439428
30626.8656716418,3337.86570327387
30662.6865671642,3343.22138044033
30698.5074626866,3346.89810737508
30734.328358209,3337.90691669983
30770.1492537313,3341.71356614823
30805.9701492537,3349.48210478216
30841.7910447761,3348.86465047829
30877.6119402985,3349.68044766661
30913.4328358209,3340.67101476461
30949.2537313433,3351.74062205123
30985.0746268657,3358.83483595677
31020.8955223881,3353.55436417701
31056.7164179104,3353.88018525989
31092.5373134328,3352.67972696159
31128.3582089552,3357.2911998609
31164.1791044776,3373.41359383569
31200,3393.81338021034
31235.8208955224,3401.33186559102
31271.6417910448,3381.21371238626
31307.4626865672,3418.59480191061
31343.2835820895,3426.61368591133
31379.1044776119,3431.89595615534
31414.9253731343,3428.90205971282
31450.7462686567,3400.06498475789
31486.5671641791,3378.03672543999
31522.3880597015,3381.69962593577
31558.2089552239,3381.33586996026
31594.0298507463,3421.13197708974
31629.8507462687,3387.84930716049
31665.671641791,3401.12298668053
31701.4925373134,3400.28353380656
31737.3134328358,3439.51934424253
31773.1343283582,3460.01283912291
31808.9552238806,3455.37650465879
31844.776119403,3458.38027698876
31880.5970149254,3472.75853021869
31916.4179104478,3479.15572952952
31952.2388059701,3472.35577064762
31988.0597014925,3460.36464914114
32023.8805970149,3462.09798079516
32059.7014925373,3472.6320101437
32095.5223880597,3475.93603780082
32131.3432835821,3476.82786135885
32167.1641791045,3481.54948088368
32202.9850746269,3473.80086809746
32238.8059701492,3480.90017473422
32274.6268656716,3477.88253004661
32310.447761194,3482.18756764822
32346.2686567164,3488.2085424583
32382.0895522388,3497.52627618042
32417.9104477612,3501.27655402218
32453.7313432836,3494.91095517061
32489.552238806,3510.38707812363
32525.3731343284,3508.43270808914
32561.1940298507,3494.64623168998
32597.0149253731,3499.35339817499
32632.8358208955,3514.88581956052
32668.6567164179,3505.01509660976
32704.4776119403,3501.38135467335
32740.2985074627,3501.28503683691
32776.1194029851,3498.26881525593
32811.9402985075,3501.52440108024
32847.7611940298,3498.72703709108
32883.5820895522,3492.28358476243
32919.4029850746,3490.32358001194
32955.223880597,3487.5614448277
32991.0447761194,3484.57706413779
33026.8656716418,3484.83367548079
33062.6865671642,3473.89003667331
33098.5074626866,3470.97580112959
33134.3283582089,3479.98226025034
33170.1492537313,3487.45041498513
33205.9701492537,3492.8233787678
33241.7910447761,3499.97275281051
33277.6119402985,3493.84415285769
33313.4328358209,3499.41503247369
33349.2537313433,3499.78493900421
33385.0746268657,3499.44054177939
33420.8955223881,3494.1580790481
33456.7164179104,3497.29270106114
33492.5373134328,3497.68281329488
33528.3582089552,3467.03158507784
33564.1791044776,3424.4115863997
33600,3452.56819503318
33635.8208955224,3441.43781280001
33671.6417910448,3475.79022439729
33707.4626865672,3487.80365355509
33743.2835820895,3462.15976277686
33779.1044776119,3383.8434861897
33814.9253731343,3380.88395071517
33850.7462686567,3385.77008397924
33886.5671641791,3403.23198679173
33922.3880597015,3425.15618048598
33958.2089552239,3513.64092491029
33994.0298507463,3510.54319405071
34029.8507462687,3438.49750780358
34065.671641791,3378.02486207756
34101.4925373134,3411.52150815887
34137.3134328358,3436.57747501606
34173.1343283582,3419.3097140293
34208.9552238806,3465.79304941563
34244.776119403,3495.26515133877
34280.5970149254,3496.64408445941
34316.4179104478,3501.6372683169
34352.2388059701,3514.15412953514
34388.0597014925,3502.99911361161
34423.8805970149,3499.31075561166
34459.7014925373,3503.20792918927
34495.5223880597,3507.59793113195
34531.3432835821,3510.6649837332
34567.1641791045,3503.30361674642
34602.9850746269,3504.41693155137
34638.8059701493,3498.48217762888
34674.6268656716,3494.01134551781
34710.447761194,3487.67702704327
34746.2686567164,3489.7690594177
34782.0895522388,3472.07018020732
34817.9104477612,3477.18138632926
34853.7313432836,3483.32694094332
34889.552238806,3485.19038631097
34925.3731343284,3470.31038561075
34961.1940298507,3468.37828402741
34997.0149253731,3477.16605373984
35032.8358208955,3483.60706137981
35068.6567164179,3468.77106790981
35104.4776119403,3479.54677200253
35140.2985074627,3470.87852285927
35176.1194029851,3470.22974922379
35211.9402985075,3476.98952593653
35247.7611940298,3464.84485501666
35283.5820895522,3471.68185712545
35319.4029850746,3474.82178408415
35355.223880597,3472.10539287121
35391.0447761194,3413.29950821116
35426.8656716418,3409.95202788019
35462.6865671642,3471.34335745382
35498.5074626866,3404.29713809667
35534.3283582089,3387.63132790054
35570.1492537313,3386.77147776083
35605.9701492537,3376.75135604412
35641.7910447761,3389.07892556666
35677.6119402985,3382.59949697948
35713.4328358209,3416.61026281243
35749.2537313433,3425.04415097738
35785.0746268657,3399.45652269553
35820.8955223881,3390.74308773639
35856.7164179104,3369.67775498612
35892.5373134328,3390.08379525475
35928.3582089552,3380.20102389139
35964.1791044776,3381.03190747347
36000,3402.49737479859
36035.8208955224,3391.13039846228
36071.6417910448,3391.65314463033
36107.4626865672,3380.88114854869
36143.2835820895,3405.37744674037
36179.1044776119,3450.13748995274
36214.9253731343,3414.93453498797
36250.7462686567,3378.85010238554
36286.5671641791,3382.25156563348
36322.3880597015,3365.47995104898
36358.2089552239,3377.92499130664
36394.0298507463,3365.85345623054
36429.8507462687,3381.19732390102
36465.671641791,3373.044817314
36501.4925373134,3375.68327156977
36537.3134328358,3429.76662234794
36573.1343283582,3401.62827232609
36608.9552238806,3408.98612094941
36644.776119403,3386.30905054758
36680.5970149254,3386.88949954028
36716.4179104478,3388.30998698172
36752.2388059701,3422.3980915461
36788.0597014925,3428.13153445808
36823.8805970149,3430.22967485082
36859.7014925373,3424.94139810925
36895.5223880597,3414.70912866899
36931.3432835821,3410.13966400315
36967.1641791045,3414.29205004876
37002.9850746269,3389.24500380319
37038.8059701493,3383.45979110617
37074.6268656716,3370.90405787814
37110.447761194,3350.64464292362
37146.2686567164,3352.817811638
37182.0895522388,3356.02323038768
37217.9104477612,3357.29083629063
37253.7313432836,3354.68173618302
37289.552238806,3352.25237055736
37325.3731343284,3382.68724355865
37361.1940298507,3350.45019868107
37397.0149253731,3345.42980971354
37432.8358208955,3362.3611688729
37468.6567164179,3386.45588049241
37504.4776119403,3352.77222771256
37540.2985074627,3336.0040535566
37576.1194029851,3366.32628237174
37611.9402985075,3363.48261203557
37647.7611940298,3362.29156854299
37683.5820895522,3344.63000983163
37719.4029850746,3323.40135491631
37755.223880597,3316.57825365639
37791.0447761194,3324.00679555672
37826.8656716418,3314.35161244269
37862.6865671642,3303.58726921897
37898.5074626866,3305.63442668701
37934.3283582089,3310.47711266835
37970.1492537313,3303.73285407944
38005.9701492537,3298.10633159172
38041.7910447761,3297.23847489186
38077.6119402985,3288.99790988321
38113.4328358209,3290.2191835685
38149.2537313433,3287.5812211536
38185.0746268657,3292.07235584847
38220.8955223881,3284.64669973404
38256.7164179104,3272.95629979346
38292.5373134328,3274.45715210029
38328.3582089552,3272.59666264564
38364.1791044776,3273.38571240749
38400,3278.52837964463
38435.8208955224,3267.23156259099
38471.6417910448,3268.31392857484
38507.4626865672,3262.47175843806
38543.2835820895,3266.60368987327
38579.1044776119,3268.70788971234
38614.9253731343,3263.17311108671
38650.7462686567,3263.39142601723
38686.5671641791,3263.25433603458
38722.3880597015,3260.04178043156
38758.2089552239,3253.98350765638
38794.0298507463,3253.90706465328
38829.8507462687,3246.64140203448
38865.671641791,3226.93192337381
38901.4925373134,3220.84381194171
38937.3134328358,3221.08889113129
38973.1343283582,3211.03432617602
39008.9552238806,3205.75622000708
39044.776119403,3193.71943609871
39080.5970149254,3178.2110659837
39116.4179104478,3183.79230088427
39152.2388059701,3180.14608069113
39188.0597014925,3169.25853455579
39223.8805970149,3161.78267932576
39259.7014925373,3159.76431735141
39295.5223880597,3152.23949309196
39331.3432835821,3150.95709542272
39367.1641791045,3137.98360593941
39402.9850746269,3134.46728749475
39438.8059701493,3129.69421268306
39474.6268656716,3132.04620104362
39510.447761194,3133.39425706517
39546.2686567164,3135.17598791641
39582.0895522388,3133.53293985973
39617.9104477612,3127.39303589857
39653.7313432836,3126.95997659549
39689.552238806,3121.46795282463
39725.3731343284,3122.44925240338
39761.1940298507,3120.37325007329
39797.0149253731,3114.764041469
39832.8358208955,3109.31414396604
39868.6567164179,3103.06561463937
39904.4776119403,3094.1471275939
39940.2985074627,3087.42353862721
39976.1194029851,3085.74742728303
40011.9402985075,3079.02055855867
40047.7611940298,3072.03456952082
40083.5820895522,3070.20122217537
40119.4029850746,3069.53867355216
40155.223880597,3069.54155769977
40191.0447761194,3061.72344450378
40226.8656716418,3053.53121856398
40262.6865671642,3054.27049079292
40298.5074626866,3048.29799924923
40334.3283582089,3040.79463704289
40370.1492537313,3032.56978367487
40405.9701492537,3030.17531571865
40441.7910447761,3022.37550186034
40477.6119402985,3014.77088437297
40513.4328358209,3010.65150949816
40549.2537313433,3011.68788902436
40585.0746268657,3002.94804549116
40620.8955223881,3012.630628348
40656.7164179104,3001.19687208839
40692.5373134328,2990.94218333404
40728.3582089552,2987.41797387002
40764.1791044776,2978.54444093861
40800,2976.51575957496
40835.8208955224,2964.82137807257
40871.6417910448,2956.0624643207
40907.4626865672,2949.63629543685
40943.2835820895,2942.61870174448
40979.1044776119,2937.422848809
41014.9253731343,2927.83828060294
41050.7462686567,2924.15712784315
41086.5671641791,2917.97229185684
41122.3880597015,2914.92978954998
41158.2089552239,2914.40814248631
41194.0298507463,2912.58389716243
41229.8507462687,2909.59873614906
41265.671641791,2909.2578798742
41301.4925373134,2896.90038530202
41337.3134328358,2890.24194961764
41373.1343283582,2883.86188737036
41408.9552238806,2877.27551456059
41444.776119403,2877.71103818451
41480.5970149254,2871.78668298083
41516.4179104478,2872.2165874261
41552.2388059701,2863.06163626134
41588.0597014925,2856.27484697373
41623.8805970149,2851.01079405589
41659.7014925373,2839.18268330141
41695.5223880597,2829.12248498016
41731.3432835821,2823.58256418962
41767.1641791045,2814.61783932509
41802.9850746269,2814.57935383915
41838.8059701493,2812.83235003348
41874.6268656716,2799.83385238671
41910.447761194,2791.71159299477
41946.2686567164,2785.8472707435
41982.0895522388,2780.99847667183
42017.9104477612,2773.3934582173
42053.7313432836,2770.63760821583
42089.552238806,2770.63877521104
42125.3731343284,2766.17486920564
42161.1940298507,2756.87973389978
42197.0149253731,2753.63513631534
42232.8358208955,2744.53239126943
42268.6567164179,2733.66671436747
42304.4776119403,2727.04333640886
42340.2985074627,2727.2003257638
42376.1194029851,2725.16204639677
42411.9402985075,2719.39527164326
42447.7611940298,2713.2472062998
42483.5820895522,2705.19557591356
42519.4029850746,2703.5095857818
42555.223880597,2697.21314060777
42591.0447761194,2680.98962784555
42626.8656716418,2670.68546949776
42662.6865671642,2666.99227474271
42698.5074626866,2660.36626926268
42734.3283582089,2661.03607329309
42770.1492537313,2656.97401257912
42805.9701492537,2650.95154343456
42841.7910447761,2644.07281760677
42877.6119402985,2638.92987573099
42913.4328358209,2631.54190289977
42949.2537313433,2632.86394784874
42985.0746268657,2636.02019704279
43020.8955223881,2632.18835329762
43056.7164179104,2626.60141200576
43092.5373134328,2619.48858823887
43128.3582089552,2610.61875534746
43164.1791044776,2603.13362562783
43200,2589.63202273362
43235.8208955224,2589.77101221087
43271.6417910448,2585.15297644993
43307.4626865672,2574.00941020861
43343.2835820896,2564.30983907678
43379.1044776119,2559.62737545504
43414.9253731343,2544.45729800967
43450.7462686567,2538.88366922144
43486.5671641791,2537.51780763987
43522.3880597015,2530.80225080588
43558.2089552239,2524.18286735333
43594.0298507463,2519.35173625291
43629.8507462687,2514.35064272925
43665.6716417911,2504.65790229637
43701.4925373134,2500.02009249325
43737.3134328358,2501.23275011655
43773.1343283582,2499.96910360408
43808.9552238806,2489.24872080173
43844.776119403,2476.21827421183
43880.5970149254,2468.78122181525
43916.4179104478,2463.7102563213
43952.2388059702,2461.00144456773
43988.0597014925,2461.10531305258
44023.8805970149,2451.15671112101
44059.7014925373,2444.13014678956
44095.5223880597,2425.4994313606
44131.3432835821,2411.62573487494
44167.1641791045,2398.23616312053
44202.9850746269,2396.58949929543
44238.8059701493,2394.65630094099
44274.6268656716,2384.99421410911
44310.447761194,2382.16270384731
44346.2686567164,2375.12788906701
44382.0895522388,2366.85472309476
44417.9104477612,2362.39911578305
44453.7313432836,2358.81426628826
44489.552238806,2349.52313248776
44525.3731343284,2341.72614416799
44561.1940298507,2334.90425922847
44597.0149253731,2330.4948322502
44632.8358208955,2324.51219145906
44668.6567164179,2310.38288087323
44704.4776119403,2303.27887967326
44740.2985074627,2296.16638546183
44776.1194029851,2291.02452977468
44811.9402985075,2287.5372788694
44847.7611940299,2276.66085662842
44883.5820895522,2266.79583867181
44919.4029850746,2256.62564758934
44955.223880597,2247.00110915386
44991.0447761194,2236.54721449873
45026.8656716418,2235.31135023953
45062.6865671642,2230.47845307182
45098.5074626866,2223.81722004536
45134.328358209,2222.26898517932
45170.1492537313,2213.80688312705
45205.9701492537,2206.89200310067
45241.7910447761,2201.46181465405
45277.6119402985,2196.36570816703
45313.4328358209,2192.97809619414
45349.2537313433,2188.82203493263
45385.0746268657,2183.89982162728
45420.8955223881,2177.33545056109
45456.7164179105,2168.10638486136
45492.5373134328,2154.43215999002
45528.3582089552,2149.6267601096
45564.1791044776,2140.40076116538
45600,2134.58019545577
45635.8208955224,2124.81586863594
45671.6417910448,2118.5142306325
45707.4626865672,2113.11279614987
45743.2835820896,2097.64167757664
45779.1044776119,2091.18245817189
45814.9253731343,2081.02113409497
45850.7462686567,2079.99350895754
45886.5671641791,2073.39797817045
45922.3880597015,2061.45892321348
45958.2089552239,2054.03296918834
45994.0298507463,2046.65514402318
46029.8507462687,2039.00395083647
46065.6716417911,2031.81389777834
46101.4925373134,2020.76233876177
46137.3134328358,2012.67001173636
46173.1343283582,2004.34407316012
46208.9552238806,1999.75647421259
46244.776119403,1991.21150859046
46280.5970149254,1986.51497357545
46316.4179104478,1984.36567267492
46352.2388059702,1981.39703575648
46388.0597014925,1966.6249349028
46423.8805970149,1963.45516380422
46459.7014925373,1953.24346794109
46495.5223880597,1943.93161401973
46531.3432835821,1934.14390033716
46567.1641791045,1923.69931868415
46602.9850746269,1918.04145195938
46638.8059701493,1910.75156525869
46674.6268656716,1898.72772886774
46710.447761194,1883.8323091475
46746.2686567164,1881.48513971199
46782.0895522388,1875.45451820324
46817.9104477612,1870.08030177455
46853.7313432836,1860.8526355291
46889.552238806,1854.11657383458
46925.3731343284,1846.44682829287
46961.1940298507,1838.15262609658
46997.0149253731,1830.98695639127
47032.8358208955,1821.97807345837
47068.6567164179,1814.73906630245
47104.4776119403,1811.02352437362
47140.2985074627,1804.98771201175
47176.1194029851,1797.57542534605
47211.9402985075,1785.52212749577
47247.7611940299,1779.98459337577
47283.5820895522,1768.04670746808
47319.4029850746,1765.56754925872
47355.223880597,1760.72331851209
47391.0447761194,1747.50352932042
47426.8656716418,1738.06780665893
47462.6865671642,1727.54707230941
47498.5074626866,1717.48695622836
47534.328358209,1709.66504376611
47570.1492537313,1699.55547214301
47605.9701492537,1692.20241063425
47641.7910447761,1688.59846569755
47677.6119402985,1682.04797468924
47713.4328358209,1673.43378803459
47749.2537313433,1663.17277598009
47785.0746268657,1656.24860949292
47820.8955223881,1653.49754144701
47856.7164179105,1644.39711666757
47892.5373134328,1633.23465355743
47928.3582089552,1627.68743074706
47964.1791044776,1622.4252004027
48000,1612.11820420724
48035.8208955224,1601.03604074219
48071.6417910448,1591.02611130449
48107.4626865672,1583.34808795033
48143.2835820896,1576.47820476857
48179.1044776119,1567.24288362715
48214.9253731343,1560.68189881938
48250.7462686567,1551.77756770481
48286.5671641791,1542.25270985445
48322.3880597015,1530.42480635911
48358.2089552239,1524.96802059147
48394.0298507463,1519.75530128436
48429.8507462687,1508.40016031911
48465.6716417911,1502.39929226556
48501.4925373134,1496.34735915806
48537.3134328358,1489.52562912151
48573.1343283582,1481.2460792312
48608.9552238806,1471.12129915624
48644.776119403,1460.22331159083
48680.5970149254,1452.50555624597
48716.4179104478,1446.01547308931
48752.2388059702,1439.40851020341
48788.0597014925,1433.92641616827
48823.8805970149,1425.69522838052
48859.7014925373,1414.49140301943
48895.5223880597,1402.24589551629
48931.3432835821,1395.75846068714
48967.1641791045,1383.83091261409
49002.9850746269,1378.51921142848
49038.8059701493,1371.99232609334
49074.6268656716,1366.73326362704
49110.447761194,1351.23923217537
49146.2686567164,1338.8412081773
49182.0895522388,1337.29592890851
49217.9104477612,1325.38594757349
49253.7313432836,1318.8478024229
49289.552238806,1309.48602055454
49325.3731343284,1305.80256395912
49361.1940298507,1299.42977262881
49397.0149253731,1290.15927721118
49432.8358208955,1280.81813834325
49468.6567164179,1272.83144901606
49504.4776119403,1263.93296237132
49540.2985074627,1256.32703066468
49576.1194029851,1245.34763459566
49611.9402985075,1239.72990550131
49647.7611940299,1228.9128556525
49683.5820895522,1224.0526008082
49719.4029850746,1220.73668605159
49755.223880597,1210.05994522427
49791.0447761194,1197.8804569402
49826.8656716418,1191.28923098163
49862.6865671642,1187.59535308213
49898.5074626866,1176.07167239965
49934.328358209,1170.26578803223
49970.1492537313,1163.03656773288
50005.9701492537,1155.56423254187
50041.7910447761,1151.41336813824
50077.6119402985,1140.78016236172
50113.4328358209,1134.10144742391
50149.2537313433,1123.40473618602
50185.0746268657,1120.09499628167
50220.8955223881,1113.72885370814
50256.7164179105,1100.53025742411
50292.5373134328,1092.94690851436
50328.3582089552,1088.4146287883
50364.1791044776,1081.37419201842
50400,1070.7182817824
50435.8208955224,1059.80993500396
50471.6417910448,1055.05596327133
50507.4626865672,1046.91646030689
50543.2835820896,1041.51029687715
50579.1044776119,1029.87057157426
50614.9253731343,1021.18756886241
50650.7462686567,1010.32806700831
50686.5671641791,1002.22553976962
50722.3880597015,994.242742887242
50758.2089552239,986.280518083544
50794.0298507463,976.408871867488
50829.8507462687,967.112348030663
50865.6716417911,958.97619149626
50901.4925373134,948.755536594783
50937.3134328358,945.846137833561
50973.1343283582,936.882863467737
51008.9552238806,927.23135311511
51044.776119403,925.850882051524
51080.5970149254,920.725775499328
51116.4179104478,913.415599997274
51152.2388059702,905.775750994104
51188.0597014925,899.521387001179
51223.8805970149,894.393889684827
51259.7014925373,886.984230108865
51295.5223880597,875.316291650043
51331.3432835821,864.635699156974
51367.1641791045,854.963931421429
51402.9850746269,852.16594089002
51438.8059701493,845.388447551477
51474.6268656716,836.041107288545
51510.447761194,828.222300109481
51546.2686567164,826.907358313314
51582.0895522388,814.363134964065
51617.9104477612,808.93210509438
51653.7313432836,801.865906098583
51689.552238806,798.527480683472
51725.3731343284,785.140040635224
51761.1940298507,779.851858122523
51797.0149253731,771.195898188788
51832.8358208955,763.801747341042
51868.6567164179,760.343095231095
51904.4776119403,752.612480548348
51940.2985074627,741.660596323554
51976.1194029851,734.35060141361
52011.9402985075,730.026118702329
52047.7611940299,722.601684564695
52083.5820895522,707.327600149653
52119.4029850746,703.928376474101
52155.223880597,699.822100411968
52191.0447761194,690.842021165937
52226.8656716418,682.624204656479
52262.6865671642,669.099394621103
52298.5074626866,665.618108557218
52334.328358209,661.202433904876
52370.1492537313,652.532014115773
52405.9701492537,646.158854890156
52441.7910447761,634.647979039192
52477.6119402985,629.906801369853
52513.4328358209,623.867398598358
52549.2537313433,616.254983014867
52585.0746268657,608.333953220468
52620.8955223881,604.814496821109
52656.7164179105,596.52638373362
52692.5373134328,589.46879830232
52728.3582089552,579.96006373335
52764.1791044776,575.011376259248
52800,568.194006672643
52835.8208955224,560.41674912216
52871.6417910448,537.023741631891
52907.4626865672,531.076900349618
52943.2835820896,525.130059067344
52979.1044776119,519.18321778507
53014.9253731343,513.236376502797
53050.7462686567,507.289535220523
53086.5671641791,501.342693938249
53122.3880597015,495.395852655975
53158.2089552239,489.449011373702
53194.0298507463,483.502170091428
53229.8507462687,477.555328809154
53265.6716417911,471.608487526881
53301.4925373134,465.661646244607
53337.3134328358,459.714804962333
53373.1343283582,453.76796368006
53408.9552238806,447.821122397786
53444.776119403,441.874281115512
53480.5970149254,435.927439833239
53516.4179104478,429.980598550965
53552.2388059702,424.033757268691
53588.0597014925,418.086915986417
53623.8805970149,412.140074704144
53659.7014925373,406.19323342187
53695.5223880597,400.246392139596
53731.3432835821,394.299550857323
53767.1641791045,388.352709575049
53802.9850746269,382.405868292775
53838.8059701493,376.459027010502
53874.6268656716,370.512185728228
53910.447761194,364.565344445954
53946.2686567164,358.618503163681
53982.0895522388,352.671661881407
54017.9104477612,346.724820599133
54053.7313432836,340.777979316859
54089.552238806,334.831138034586
54125.3731343284,328.884296752312
54161.1940298508,322.937455470038
54197.0149253731,316.990614187765
54232.8358208955,311.043772905491
54268.6567164179,305.096931623217
54304.4776119403,299.150090340944
54340.2985074627,293.20324905867
54376.1194029851,287.256407776396
54411.9402985075,281.309566494123
54447.7611940299,275.362725211849
54483.5820895522,269.415883929575
54519.4029850746,263.469042647301
54555.223880597,257.522201365028
54591.0447761194,251.575360082754
54626.8656716418,245.62851880048
54662.6865671642,239.681677518207
54698.5074626866,233.734836235933
54734.328358209,227.787994953659
54770.1492537313,221.841153671386
54805.9701492537,215.894312389112
54841.7910447761,209.947471106838
54877.6119402985,204.000629824564
54913.4328358209,198.053788542291
54949.2537313433,192.106947260017
54985.0746268657,186.160105977743
55020.8955223881,180.21326469547
55056.7164179105,174.266423413196
55092.5373134328,168.319582130922
55128.3582089552,162.372740848649
55164.1791044776,156.425899566375
55200,150.479058284101
55235.8208955224,144.532217001828
55271.6417910448,138.585375719554
55307.4626865672,132.63853443728
55343.2835820896,126.691693155007
55379.1044776119,120.744851872733
55414.9253731343,114.798010590459
55450.7462686567,108.851169308185
55486.5671641791,102.904328025912
55522.3880597015,96.957486743638
55558.2089552239,91.0106454613644
55594.0298507463,85.0638041790907
55629.8507462687,79.116962896817
55665.6716417911,73.1701216145433
55701.4925373134,71.123527111727
55737.3134328358,70.4270180325691
55773.1343283582,69.7305089534111
55808.9552238806,69.0339998742532
55844.776119403,68.3374907950953
55880.5970149254,67.6409817159373
55916.4179104478,66.9444726367794
55952.2388059701,66.2479635576215
55988.0597014925,65.5514544784636
56023.8805970149,64.8549453993056
56059.7014925373,64.1584363201477
56095.5223880597,63.4619272409898
56131.3432835821,62.7654181618318
56167.1641791045,62.0689090826739
56202.9850746269,61.372400003516
56238.8059701493,60.675890924358
56274.6268656716,59.9793818452001
56310.447761194,59.2828727660422
56346.2686567164,58.5863636868842
56382.0895522388,57.8898546077263
56417.9104477612,57.1933455285684
56453.7313432836,56.4968364494105
56489.552238806,55.8003273702525
56525.3731343284,55.1038182910946
56561.1940298508,54.4073092119367
56597.0149253731,53.7108001327787
56632.8358208955,53.0142910536208
56668.6567164179,52.3177819744629
56704.4776119403,51.6212728953049
56740.2985074627,50.924763816147
56776.1194029851,50.2282547369891
56811.9402985075,49.5317456578311
56847.7611940299,48.8352365786732
56883.5820895522,48.1387274995153
56919.4029850746,47.4422184203573
56955.223880597,46.7457093411994
56991.0447761194,46.0492002620415
57026.8656716418,45.3526911828836
57062.6865671642,44.6561821037256
57098.5074626866,43.9596730245677
57134.328358209,43.2631639454098
57170.1492537313,42.5666548662518
57205.9701492537,41.8701457870939
57241.7910447761,41.173636707936
57277.6119402985,40.477127628778
57313.4328358209,39.7806185496201
57349.2537313433,39.0841094704622
57385.0746268657,38.3876003913042
57420.8955223881,37.6910913121463
57456.7164179105,36.9945822329884
57492.5373134328,36.2980731538305
57528.3582089552,35.6015640746725
57564.1791044776,34.9050549955146
57600,34.2085459163567
57635.8208955224,33.5120368371987
57671.6417910448,32.8155277580408
57707.4626865672,32.1190186788829
57743.2835820896,31.4225095997249
57779.1044776119,30.726000520567
57814.9253731343,30.0294914414091
57850.7462686567,29.3329823622512
57886.5671641791,28.6364732830932
57922.3880597015,27.9399642039353
57958.2089552239,27.2434551247774
57994.0298507463,26.5469460456194
58029.8507462687,25.8504369664615
58065.6716417911,25.1539278873036
58101.4925373134,24.4574188081456
58137.3134328358,23.7609097289877
58173.1343283582,23.0644006498298
58208.9552238806,22.3678915706718
58244.776119403,21.6713824915139
58280.5970149254,20.974873412356
58316.4179104478,20.278364333198
58352.2388059701,19.5818552540401
58388.0597014925,18.8853461748822
58423.8805970149,18.1888370957243
58459.7014925373,17.4923280165663
58495.5223880597,16.7958189374084
58531.3432835821,16.0993098582505
58567.1641791045,15.4028007790925
58602.9850746269,14.7062916999346
58638.8059701493,14.0097826207767
58674.6268656716,13.3132735416187
58710.447761194,12.6167644624608
58746.2686567164,11.9202553833029
58782.0895522388,11.2237463041449
58817.9104477612,10.527237224987
58853.7313432836,9.83072814582908
58889.552238806,9.13421906667114
58925.3731343284,8.43770998751322
58961.1940298507,7.74120090835529
58997.0149253731,7.04469182919736
59032.8358208955,6.34818275003943
59068.6567164179,5.65167367088149
59104.4776119403,4.95516459172357
59140.2985074627,4.25865551256564
59176.1194029851,3.5621464334077
59211.9402985075,2.86563735424977
59247.7611940299,2.16912827509184
59283.5820895522,1.47261919593392
59319.4029850746,0.776110116775982
59355.223880597,0.0796010376180476
59391.0447761194,0
59426.8656716418,0
59462.6865671642,0
59498.5074626866,0
59534.328358209,0
59570.1492537313,0
59605.9701492537,0
59641.7910447761,0
59677.6119402985,0
59713.4328358209,0
59749.2537313433,0
59785.0746268657,0
59820.8955223881,0
59856.7164179105,0
59892.5373134328,0
59928.3582089552,0
59964.1791044776,0
60000,0
60035.8208955224,0
60071.6417910448,0
60107.4626865672,0
60143.2835820896,0
60179.1044776119,0
60214.9253731343,0
60250.7462686567,0
60286.5671641791,0
60322.3880597015,0
60358.2089552239,0
60394.0298507463,0
60429.8507462687,0
60465.6716417911,0
60501.4925373134,0
60537.3134328358,0
60573.1343283582,0
60608.9552238806,0
60644.776119403,0
60680.5970149254,0
60716.4179104478,0
60752.2388059701,0
60788.0597014925,0
60823.8805970149,0
60859.7014925373,0
60895.5223880597,0
60931.3432835821,0
60967.1641791045,0
61002.9850746269,0
61038.8059701493,0
61074.6268656716,0
61110.447761194,0
61146.2686567164,0
61182.0895522388,0
61217.9104477612,0
61253.7313432836,0
61289.552238806,0
61325.3731343284,0
61361.1940298507,0
61397.0149253731,0
61432.8358208955,0
61468.6567164179,0
61504.4776119403,0
61540.2985074627,0
61576.1194029851,0
61611.9402985075,0
61647.7611940299,0
61683.5820895522,0
61719.4029850746,0
61755.223880597,0
61791.0447761194,0
61826.8656716418,0
61862.6865671642,0
61898.5074626866,0
61934.328358209,0
61970.1492537313,0
62005.9701492537,0
62041.7910447761,0
62077.6119402985,0
62113.4328358209,0
62149.2537313433,0
62185.0746268657,0
62220.8955223881,0
62256.7164179105,0
62292.5373134328,0
62328.3582089552,0
62364.1791044776,0
62400,0
62435.8208955224,0
62471.6417910448,0
62507.4626865672,0
62543.2835820896,0
62579.1044776119,0
62614.9253731343,0
62650.7462686567,0
62686.5671641791,0
62722.3880597015,0
62758.2089552239,0
62794.0298507463,0
62829.8507462687,0
62865.6716417911,0
62901.4925373134,0
62937.3134328358,0
62973.1343283582,0
63008.9552238806,0
63044.776119403,0
63080.5970149254,0
63116.4179104478,0
63152.2388059701,0
63188.0597014925,0
63223.8805970149,0
63259.7014925373,0
63295.5223880597,0
63331.3432835821,0
63367.1641791045,0
63402.9850746269,0
63438.8059701493,0
63474.6268656716,0
63510.447761194,0
63546.2686567164,0
63582.0895522388,0
63617.9104477612,0
63653.7313432836,0
63689.552238806,0
63725.3731343284,0
63761.1940298507,0
63797.0149253731,0
63832.8358208955,0
63868.6567164179,0
63904.4776119403,0
63940.2985074627,0
63976.1194029851,0
64011.9402985075,0
64047.7611940299,0
64083.5820895522,0
64119.4029850746,0
64155.223880597,0
64191.0447761194,0
64226.8656716418,0
64262.6865671642,0
64298.5074626866,0
64334.328358209,0
64370.1492537313,0
64405.9701492537,0
64441.7910447761,0
64477.6119402985,0
64513.4328358209,0
64549.2537313433,0
64585.0746268657,0
64620.8955223881,0
64656.7164179105,0
64692.5373134328,0
64728.3582089552,0
64764.1791044776,0
64800,0
64835.8208955224,0
64871.6417910448,0
64907.4626865672,0
64943.2835820896,0
64979.1044776119,0
65014.9253731343,0
65050.7462686567,0
65086.5671641791,0
65122.3880597015,0
65158.2089552239,0
65194.0298507463,0
65229.8507462687,0
65265.6716417911,0
65301.4925373134,0
65337.3134328358,0
65373.1343283582,0
65408.9552238806,0
65444.776119403,0
65480.5970149254,0
65516.4179104478,0
65552.2388059701,0
65588.0597014925,0
65623.8805970149,0
65659.7014925373,0
65695.5223880597,0
65731.3432835821,0
65767.1641791045,0
65802.9850746269,0
65838.8059701493,0
65874.6268656716,0
65910.447761194,0
65946.2686567164,0
65982.0895522388,0
66017.9104477612,0
66053.7313432836,0
66089.552238806,0
66125.3731343284,0
66161.1940298507,0
66197.0149253731,0
66232.8358208955,0
66268.6567164179,0
66304.4776119403,0
66340.2985074627,0
66376.1194029851,0
66411.9402985075,0
66447.7611940299,0
66483.5820895522,0
66519.4029850746,0
66555.223880597,0
66591.0447761194,0
66626.8656716418,0
66662.6865671642,0
66698.5074626866,0
66734.328358209,0
66770.1492537313,0
66805.9701492537,0
66841.7910447761,0
66877.6119402985,0
66913.4328358209,0
66949.2537313433,0
66985.0746268657,0
67020.8955223881,0
67056.7164179104,0
67092.5373134328,0
67128.3582089552,0
67164.1791044776,0
67200,0
67235.8208955224,0
67271.6417910448,0
67307.4626865672,0
67343.2835820896,0
67379.1044776119,0
67414.9253731343,0
67450.7462686567,0
67486.5671641791,0
67522.3880597015,0
67558.2089552239,0
67594.0298507463,0
67629.8507462687,0
67665.6716417911,0
67701.4925373134,0
67737.3134328358,0
67773.1343283582,0
67808.9552238806,0
67844.776119403,0
67880.5970149254,0
67916.4179104478,0
67952.2388059701,0
67988.0597014925,0
68023.8805970149,0
68059.7014925373,0
68095.5223880597,0
68131.3432835821,0
68167.1641791045,0
68202.9850746269,0
68238.8059701493,0
68274.6268656716,0
68310.447761194,0
68346.2686567164,0
68382.0895522388,0
68417.9104477612,0
68453.7313432836,0
68489.552238806,0
68525.3731343284,0
68561.1940298507,0
68597.0149253731,0
68632.8358208955,0
68668.6567164179,0
68704.4776119403,0
68740.2985074627,0
68776.1194029851,0
68811.9402985075,0
68847.7611940299,0
68883.5820895522,0
68919.4029850746,0
68955.223880597,0
68991.0447761194,0
69026.8656716418,0
69062.6865671642,0
69098.5074626866,0
69134.328358209,0
69170.1492537313,0
69205.9701492537,0
69241.7910447761,0
69277.6119402985,0
69313.4328358209,0
69349.2537313433,0
69385.0746268657,0
69420.8955223881,0
69456.7164179104,0
69492.5373134328,0
69528.3582089552,0
69564.1791044776,0
69600,0
69635.8208955224,0
69671.6417910448,0
69707.4626865672,0
69743.2835820896,0
69779.1044776119,0
69814.9253731343,0
69850.7462686567,0
69886.5671641791,0
69922.3880597015,0
69958.2089552239,0
69994.0298507463,0
70029.8507462687,0
70065.6716417911,0
70101.4925373134,0
70137.3134328358,0
70173.1343283582,0
70208.9552238806,0
70244.776119403,0
70280.5970149254,0
70316.4179104478,0
70352.2388059701,0
70388.0597014925,0
70423.8805970149,0
70459.7014925373,0
70495.5223880597,0
70531.3432835821,0
70567.1641791045,0
70602.9850746269,0
70638.8059701493,0
70674.6268656716,0
70710.447761194,0
70746.2686567164,0
70782.0895522388,0
70817.9104477612,0
70853.7313432836,0
70889.552238806,0
70925.3731343284,0
70961.1940298507,0
70997.0149253731,0
71032.8358208955,0
71068.6567164179,0
71104.4776119403,0
71140.2985074627,0
71176.1194029851,0
71211.9402985075,0
71247.7611940299,0
71283.5820895522,0
71319.4029850746,0
71355.223880597,0
71391.0447761194,0
71426.8656716418,0
71462.6865671642,0
71498.5074626866,0
71534.328358209,0
71570.1492537313,0
71605.9701492537,0
71641.7910447761,0
71677.6119402985,0
71713.4328358209,0
71749.2537313433,0
71785.0746268657,0
71820.8955223881,0
71856.7164179104,0
71892.5373134328,0
71928.3582089552,0
71964.1791044776,0
72000,0
72035.8208955224,0
72071.6417910448,0
72107.4626865672,0
72143.2835820896,0
72179.1044776119,0
72214.9253731343,0
72250.7462686567,0
72286.5671641791,0
72322.3880597015,0
72358.2089552239,0
72394.0298507463,0
72429.8507462687,0
72465.6716417911,0
72501.4925373134,0
72537.3134328358,0
72573.1343283582,0
72608.9552238806,0
72644.776119403,0
72680.5970149254,0
72716.4179104478,0
72752.2388059701,0
72788.0597014925,0
72823.8805970149,0
72859.7014925373,0
72895.5223880597,0
72931.3432835821,0
72967.1641791045,0
73002.9850746269,0
73038.8059701493,0
73074.6268656716,0
73110.447761194,0
73146.2686567164,0
73182.0895522388,0
73217.9104477612,0
73253.7313432836,0
73289.552238806,0
73325.3731343284,0
73361.1940298507,0
73397.0149253731,0
73432.8358208955,0
73468.6567164179,0
73504.4776119403,0
73540.2985074627,0
73576.1194029851,0
73611.9402985075,0
73647.7611940299,0
73683.5820895522,0
73719.4029850746,0
73755.223880597,0
73791.0447761194,0
73826.8656716418,0
73862.6865671642,0
73898.5074626866,0
73934.328358209,0
73970.1492537313,0
74005.9701492537,0
74041.7910447761,0
74077.6119402985,0
74113.4328358209,0
74149.2537313433,0
74185.0746268657,0
74220.8955223881,0
74256.7164179104,0
74292.5373134328,0
74328.3582089552,0
74364.1791044776,0
74400,0
74435.8208955224,0
74471.6417910448,0
74507.4626865672,0
74543.2835820896,0
74579.1044776119,0
74614.9253731343,0
74650.7462686567,0
74686.5671641791,0
74722.3880597015,0
74758.2089552239,0
74794.0298507463,0
74829.8507462687,0
74865.6716417911,0
74901.4925373134,0
74937.3134328358,0
74973.1343283582,0
75008.9552238806,0
75044.776119403,0
75080.5970149254,0
75116.4179104478,0
75152.2388059701,0
75188.0597014925,0
75223.8805970149,0
75259.7014925373,0
75295.5223880597,0
75331.3432835821,0
75367.1641791045,0
75402.9850746269,0
75438.8059701493,0
75474.6268656716,0
75510.447761194,0
75546.2686567164,0
75582.0895522388,0
75617.9104477612,0
75653.7313432836,0
75689.552238806,0
75725.3731343284,0
75761.1940298507,0
75797.0149253731,0
75832.8358208955,0
75868.6567164179,0
75904.4776119403,0
75940.2985074627,0
75976.1194029851,0
76011.9402985075,0
76047.7611940299,0
76083.5820895522,0
76119.4029850746,0
76155.223880597,0
76191.0447761194,0
76226.8656716418,0
76262.6865671642,0
76298.5074626866,0
76334.3283582089,0
76370.1492537313,0
76405.9701492537,0
76441.7910447761,0
76477.6119402985,0
76513.4328358209,0
76549.2537313433,0
76585.0746268657,0
76620.8955223881,0
76656.7164179104,0
76692.5373134328,0
76728.3582089552,0
76764.1791044776,0
76800,0
76835.8208955224,0
76871.6417910448,0
76907.4626865672,0
76943.2835820896,0
76979.1044776119,0
77014.9253731343,0
77050.7462686567,0
77086.5671641791,0
77122.3880597015,0
77158.2089552239,0
77194.0298507463,0
77229.8507462687,0
77265.6716417911,0
77301.4925373134,0
77337.3134328358,0
77373.1343283582,0
77408.9552238806,0
77444.776119403,0
77480.5970149254,0
77516.4179104478,0
77552.2388059701,0
77588.0597014925,0
77623.8805970149,0
77659.7014925373,0
77695.5223880597,0
77731.3432835821,0
77767.1641791045,0
77802.9850746269,0
77838.8059701493,0
77874.6268656716,0
77910.447761194,0
77946.2686567164,0
77982.0895522388,0
78017.9104477612,0
78053.7313432836,0
78089.552238806,0
78125.3731343284,0
78161.1940298507,0
78197.0149253731,0
78232.8358208955,0
78268.6567164179,0
78304.4776119403,0
78340.2985074627,0
78376.1194029851,0
78411.9402985075,0
78447.7611940299,0
78483.5820895522,0
78519.4029850746,0
78555.223880597,0
78591.0447761194,0
78626.8656716418,0
78662.6865671642,0
78698.5074626866,0
78734.3283582089,0
78770.1492537313,0
78805.9701492537,0
78841.7910447761,0
78877.6119402985,0
78913.4328358209,0
78949.2537313433,0
78985.0746268657,0
79020.8955223881,0
79056.7164179104,0
79092.5373134328,0
79128.3582089552,0
79164.1791044776,0
79200,0
79235.8208955224,0
79271.6417910448,0
79307.4626865672,0
79343.2835820896,0
79379.1044776119,0
79414.9253731343,0
79450.7462686567,0
79486.5671641791,0
79522.3880597015,0
79558.2089552239,0
79594.0298507463,0
79629.8507462687,0
79665.6716417911,0
79701.4925373134,0
79737.3134328358,0
79773.1343283582,0
79808.9552238806,0
79844.776119403,0
79880.5970149254,0
79916.4179104478,0
79952.2388059701,0
79988.0597014925,0
80023.8805970149,0
80059.7014925373,0
80095.5223880597,0
80131.3432835821,0
80167.1641791045,0
80202.9850746269,0
80238.8059701493,0
80274.6268656716,0
80310.447761194,0
80346.2686567164,0
80382.0895522388,0
80417.9104477612,0
80453.7313432836,0
80489.552238806,0
80525.3731343284,0
80561.1940298507,0
80597.0149253731,0
80632.8358208955,0
80668.6567164179,0
80704.4776119403,0
80740.2985074627,0
80776.1194029851,0
80811.9402985075,0
80847.7611940299,0
80883.5820895522,0
80919.4029850746,0
80955.223880597,0
80991.0447761194,0
81026.8656716418,0
81062.6865671642,0
81098.5074626866,0
81134.3283582089,0
81170.1492537313,0
81205.9701492537,0
81241.7910447761,0
81277.6119402985,0
81313.4328358209,0
81349.2537313433,0
81385.0746268657,0
81420.8955223881,0
81456.7164179104,0
81492.5373134328,0
81528.3582089552,0
81564.1791044776,0
81600,0
81635.8208955224,0
81671.6417910448,0
81707.4626865672,0
81743.2835820896,0
81779.1044776119,0
81814.9253731343,0
81850.7462686567,0
81886.5671641791,0
81922.3880597015,0
81958.2089552239,0
81994.0298507463,0
82029.8507462687,0
82065.6716417911,0
82101.4925373134,0
82137.3134328358,0
82173.1343283582,0
82208.9552238806,0
82244.776119403,0
82280.5970149254,0
82316.4179104478,0
82352.2388059701,0
82388.0597014925,0
82423.8805970149,0
82459.7014925373,0
82495.5223880597,0
82531.3432835821,0
82567.1641791045,0
82602.9850746269,0
82638.8059701493,0
82674.6268656716,0
82710.447761194,0
82746.2686567164,0
82782.0895522388,0
82817.9104477612,0
82853.7313432836,0
82889.552238806,0
82925.3731343284,0
82961.1940298507,0
82997.0149253731,0
83032.8358208955,0
83068.6567164179,0
83104.4776119403,0
83140.2985074627,0
83176.1194029851,0
83211.9402985075,0
83247.7611940299,0
83283.5820895522,0
83319.4029850746,0
83355.223880597,0
83391.0447761194,0
83426.8656716418,0
83462.6865671642,0
83498.5074626866,0
83534.3283582089,0
83570.1492537313,0
83605.9701492537,0
83641.7910447761,0
83677.6119402985,0
83713.4328358209,0
83749.2537313433,0
83785.0746268657,0
83820.8955223881,0
83856.7164179104,0
83892.5373134328,0
83928.3582089552,0
83964.1791044776,0
84000,0
84035.8208955224,0
84071.6417910448,0
84107.4626865672,0
84143.2835820896,0
84179.1044776119,0
84214.9253731343,0
84250.7462686567,0
84286.5671641791,0
84322.3880597015,0
84358.2089552239,0
84394.0298507463,0
84429.8507462687,0
84465.6716417911,0
84501.4925373134,0
84537.3134328358,0
84573.1343283582,0
84608.9552238806,0
84644.776119403,0
84680.5970149254,0
84716.4179104478,0
84752.2388059701,0
84788.0597014925,0
84823.8805970149,0
84859.7014925373,0
84895.5223880597,0
84931.3432835821,0
84967.1641791045,0
85002.9850746269,0
85038.8059701493,0
85074.6268656716,0
85110.447761194,0
85146.2686567164,0
85182.0895522388,0
85217.9104477612,0
85253.7313432836,0
85289.552238806,0
85325.3731343284,0
85361.1940298507,0
85397.0149253731,0
85432.8358208955,0
85468.6567164179,0
85504.4776119403,0
85540.2985074627,0
85576.1194029851,0
85611.9402985075,0
85647.7611940299,0
85683.5820895522,0
85719.4029850746,0
85755.223880597,0
85791.0447761194,0
85826.8656716418,0
85862.6865671642,0
85898.5074626866,0
85934.3283582089,0
85970.1492537313,0
86005.9701492537,0
86041.7910447761,0
86077.6119402985,0
86113.4328358209,0
86149.2537313433,0
86185.0746268657,0
86220.8955223881,0
86256.7164179104,0
86292.5373134328,0
86328.3582089552,0
86364.1791044776,0
86400,0
